oid,ra,dec,firstmjd,ndet,n_matched_epochs,gr_color,is_blue,is_rising,delta_mag,is_star,gaia_pm_sig,gaia_plx_sig,nuclear_sigma,nuclear_pvalue,is_nuclear,gaia_agn,gaia_agn_grade,gaia_agn_prob,gaia_agn_sep_arcsec,gaia_agn_z
ZTF26abyczrf,328.5957175,-3.6382324,61312.141701399814,9,6,-0.09954566592190259,True,False,0.1705703748951457,False,,,0.6295834176282966,0.8202159334812825,True,,,,,
ZTF26abvzrmb,77.3224656,-4.8608953,61299.48098379979,7,4,-0.07462705505266082,True,True,-0.031288916163791924,False,1.1642500169367058,1.2033742146471098,0.7815826939932008,0.7368022400715453,True,,,,,
ZTF26abxddyo,62.9557441,-2.9001787,61298.43593750009,5,5,-0.09028814605701065,True,True,-0.06643574284382225,False,0.7388281499128826,0.5832896335682364,0.8100621845547543,0.7202907194725728,True,,,,,
ZTF26abvzqwq,59.03821645,-7.08364755,61297.481886600144,4,6,-0.08844854198883788,True,True,-0.014392586503898741,False,1.1157157315438995,0.9406685305487504,0.4689159395214518,0.8958869201435863,True,,,,,
ZTF26abvqrqf,51.946383600000004,33.7702419,61295.43305560015,4,6,-0.06232185173536085,True,True,-0.09885196834204635,False,,,0.8592063345895343,0.6913439911217201,True,,,,,
ZTF26abublpe,359.2476051,-17.5661656,61295.41586809978,11,7,-0.10466550299088115,True,False,0.03460964928855148,False,,,0.8003512772362835,0.7259449572534367,True,,,,,
ZTF26abviqyf,17.02796205,16.90419425,61294.3123031999,4,7,-0.22088165007723928,True,False,0.29756306314806835,False,2.58096310112651,2.3739427614466404,0.23568782626913443,0.9726077859730252,True,,,,,
ZTF26abutpid,58.7311823,9.41872285,61292.49736109981,6,6,-0.12909409368084465,True,False,0.192016067852542,False,,,0.6513635474271194,0.8088536865428817,True,,,,,
ZTF26abtdxwx,64.09256735,-3.0878411999999997,61292.45545140002,10,7,-0.12964595876593565,True,True,-0.03802020153943886,False,,,0.21022748506504782,0.9781445700466093,True,,,,,
ZTF26abwxqqf,77.8074424,1.9212634,61292.45167820016,11,5,-0.06058164294933669,True,True,-0.050845914467732456,False,1.9605126342147958,0.9074251288599243,0.583949565916514,0.8432443142149084,True,,,,,
ZTF24abvlhhu,73.72477194999999,3.81440285,61291.50344910007,8,6,-0.19193318785144522,True,False,0.028423842511543285,False,1.0134559142533701,0.36314328536918755,0.42198793842584464,0.9148118071665803,True,,,,,
ZTF26abvdbqy,62.7931839,-3.7400753,61288.49565970013,5,3,-0.07044172396840208,True,False,0.2537349946896015,False,1.3234191323033864,0.7325725376820817,0.49796118882312407,0.8833951475259626,True,,,,,
ZTF26abtdyeo,70.7970644,-6.1642885,61288.495185200125,11,5,-0.10410100091797643,True,False,0.004737825678883922,False,0.2914069626284948,1.340584840672899,0.24171303535819952,0.9712099674241726,True,,,,,
ZTF26abviwxl,34.8884491,-17.82613,61288.462731500156,5,4,-0.12795057718089584,True,True,-0.036434293122898254,False,0.7145570594382048,0.7841501634310895,0.7889970395493301,0.7325247397864232,True,,,,,
ZTF24abjoshh,49.9248915,-3.34832515,61288.437951399945,12,12,-0.16090304764140975,True,True,-0.23913923906141576,False,,,0.7822221977104458,0.7364339092964369,True,,,,,
ZTF26absyheo,7.7785184,-13.0445637,61288.399733799975,19,8,-0.09543306798310945,True,True,-0.022595105116771208,False,,,0.976004056577376,0.6210821251166896,True,,,,,
ZTF26abubmbx,326.7443953,-11.564307450000001,61288.31530090002,8,5,-0.22599424607798424,True,False,0.20959951612802996,False,0.7895664573294651,0.1552257310715391,0.10863257103212269,0.9941168561219038,True,,,,,
ZTF26abudukt,45.291425,-7.4679224,61287.50061339978,9,4,-0.43043086736480035,True,False,0.23584442326588473,False,0.6099234069175665,1.1679389449707214,0.6793921674111265,0.7939086628310273,True,,,,,
ZTF23abcntjh,61.379184800000004,-7.7324342999999995,61287.475243099965,12,7,-0.11181695047830256,True,False,0.010994866560711358,False,1.3411354179392994,1.242043638914034,0.7171346335628036,0.7732591445776464,True,,,,,
ZTF24abuztks,39.11813755,-17.813596500000003,61287.461655099876,8,3,-0.4457498200644133,True,True,-0.003146077902272282,False,0.6103732491095283,0.29148362191597815,0.6991236282956627,0.7831845428744051,True,,,,,
ZTF24abuzykv,47.852289150000004,-19.308806750000002,61287.45922450023,18,6,-0.19049767182159572,True,False,0.09135773838508143,False,1.0337812008546934,0.22867710974795963,0.5475038006467902,0.8608110903718313,True,,,,,
ZTF26abwefew,349.081623,2.7743001,61287.31201389991,7,8,-0.34376446655373927,True,True,-0.01774283005823918,False,1.1778916118506393,0.13115617418244546,0.38145713938655756,0.9298288197195903,True,,,,,
ZTF24aaudrwk,0.9917713,3.3092149,61287.3115393999,5,10,-0.8557473657005882,True,True,-0.07521196293268062,False,,,0.6010192184879795,0.8347591402807485,True,,,,,
ZTF26abtnydh,325.4968561,-17.7089494,61287.230208300054,17,9,-0.1150207033095978,True,True,-0.04331856056922945,False,,,0.9528021674155839,0.6351360918895734,True,,,,,
ZTF26abtzpwp,322.3748686,-21.9087283,61286.35357639985,7,5,-0.052799258422457127,True,False,0.03553478226111295,False,2.3519481318151354,2.3807995782368323,0.1302040314811704,0.9915592797053654,True,,,,,
ZTF26abuqxfx,4.1143789,-3.6436384,61286.336342600174,5,6,-0.0580453659677514,True,True,-0.3112702591701044,False,0.9602765102984742,2.169274536013996,0.4183317696877167,0.9162181984455396,True,,,,,
ZTF26abtrzck,343.63990194999997,-18.612549100000003,61286.29199070018,6,6,-0.1577154603046926,True,False,0.05756077705196461,False,1.2828716822580934,0.7668329024321408,0.8223406957880035,0.7131082049567847,True,,,,,
ZTF26abyvoyz,329.0530475,-8.2749225,61286.27293979982,35,15,-0.13879805309657833,True,False,0.06587479204796054,False,0.706663007527678,0.2754036040290305,0.8797856469909832,0.6790833585437906,True,,,,,
ZTF22abylpul,35.3705888,-15.5663781,61285.47881940007,6,4,-0.26598332484874354,True,True,-0.01148680138453173,False,0.9254790602559128,0.46937797624127564,0.4562204799198427,0.9011635086949628,True,,,,,
ZTF26abrpwpy,353.0438227,-20.8219788,61284.335486100055,7,3,-0.18834424085937262,True,False,0.00747926042602387,False,,,0.8969677699334312,0.6687964065886983,True,,,,,
ZTF26abrqbvf,6.756093249999999,-25.950640200000002,61282.37785879988,16,9,-0.06780587208703417,True,False,0.42594528864021797,False,,,0.5266918373924652,0.8704872681478933,True,,,,,
ZTF25achpdfs,41.48266855,-1.2132326,61277.49696760019,10,4,-0.16119763017625666,True,False,0.22167538903685724,False,2.5928130651465087,0.49905983803965653,0.7170288497098737,0.7733178028925071,True,,,,,
ZTF26abwvigx,41.1060024,23.3196412,61277.445428200066,9,9,-0.07937945749008198,True,False,0.06593455041983631,False,,,0.24156430788943214,0.9712448716942984,True,False,,,,
ZTF26abvzcdi,35.304291,26.34120755,61277.445428200066,10,9,-0.16915346380672638,True,True,-0.27645926822110667,False,,,0.9104263579940396,0.6607114455909939,True,False,,,,
ZTF26abubckn,326.3867599,-27.5655937,61276.27165509993,7,6,-0.16169256025631717,True,False,0.04852888273243039,False,1.1306956267361883,1.0250048144468993,0.4589716022924255,0.900029745313685,True,True,likely,1.0,0.17047431840262658,1.8056919574737549
ZTF26abuuhwd,58.9853773,-12.5187217,61275.49431709992,7,4,-0.22718660952787537,True,False,0.2647867127042218,False,0.3748697713084211,1.1482062528612067,0.7407624544413353,0.760054979436104,True,True,likely,0.9591283798217773,0.12322213352926815,2.208735227584839
ZTF26abvcyft,65.5427727,-12.8620905,61275.49337959988,12,3,-0.22257493388948466,True,True,-0.09161219328951731,False,1.3353219445857178,0.6895837738109235,0.4938551486728534,0.8851957659833609,True,True,likely,0.9999995827674866,0.06843398433901975,1.7033439874649048
ZTF26abwunyv,41.25013455,18.716216199999998,61275.4566434999,44,21,-0.05441570024377213,True,False,0.13535594052206434,False,0.9438040971465644,0.3505687594210932,0.7931591678071088,0.7301168181799832,True,True,likely,1.0,0.20871727212586083,2.033940076828003
ZTF26abwuimn,25.638524349999997,-11.14105055,61275.43899310008,8,9,-0.14452325506891722,True,False,0.055578492751667596,False,0.5085072943781869,1.3784692897723143,0.42603454733955765,0.9132435118779973,True,True,likely,1.0,0.1313261448152684,1.411166787147522
ZTF24abjostp,41.847379700000005,19.75019865,61275.435914400034,8,10,-0.06141967573757448,True,True,-0.12675718483182408,False,1.2262015162237119,0.4719262979713997,0.44787705208648326,0.9045687873567076,True,True,candidate,0.9977754950523376,0.11640939836752513,2.5919740200042725
ZTF23abctwfk,0.0168003,-20.7606252,61275.41755789984,7,6,-0.08619971792666814,True,False,0.09638660748428762,False,0.5975844279400098,0.02379575373406882,0.7454281735591115,0.7574243754530295,True,,,,,
ZTF26abvrmyi,37.89385235,-13.1864974,61275.39613430016,4,4,-0.11402846983454976,True,True,-0.08652439145491897,False,0.9039584556043078,0.7049277860394901,0.9682931938363128,0.6257553151777338,True,,,,,
ZTF26abwessc,37.459852,-7.3848158,61275.39613430016,5,5,-0.11184885328316103,True,True,-0.1523523830804585,False,1.9572234865697988,0.7904975395078658,0.7756342083393369,0.7402226848550648,True,,,,,
ZTF21aclsdkl,37.3934958,6.2881782,61275.3947222,8,6,-0.14604236224100603,True,True,-0.019141287798792206,False,1.346547800442252,0.629993007167873,0.8214678190901121,0.713619987371011,True,,,,,
ZTF23abjimam,29.324714450000002,18.306552500000002,61275.382060199976,10,6,-0.07854535438890044,True,True,-0.0678260867049687,False,1.3118852727410053,0.04062499982704009,0.3951396523322164,0.9249018340778805,True,,,,,
ZTF26abvjxwi,49.694898699999996,-5.95522325,61274.492314800154,12,9,-0.05934147755858872,True,False,0.2711109707646209,False,1.1860695565662414,0.6532915243317741,0.8368067371367578,0.7046015891680936,True,,,,,
ZTF26abweoaw,16.4793676,-19.3808467,61274.397141200025,7,6,-0.15545586016675025,True,False,0.0007307077315630295,False,2.5374288218789376,0.4405867870495869,0.7593455200173949,0.7495345917628877,True,,,,,
ZTF24abjnksq,359.2105986,-26.3284064,61274.37554399995,11,10,-0.11930418978382398,True,True,-0.06270679308633476,False,,,0.5755333594479495,0.8473687458128285,True,,,,,
ZTF26abucjar,3.38541995,-26.4225682,61274.37554399995,10,10,-0.1913389755735584,True,True,-0.20706751120510702,False,,,0.27308770175996494,0.9633982064974496,True,,,,,
ZTF26abvskol,330.10826215,-25.3360944,61274.35670140013,8,5,-0.09933463319573003,True,True,-0.13568950412792802,False,0.9553778287898758,0.2559745106100146,0.479662641693663,0.8913321612932411,True,,,,,
ZTF19aceazcs,58.039308899999995,23.098595850000002,61273.48376160022,10,6,-0.07656874368129415,True,False,0.1644365866338724,False,2.5145565598423594,1.232766853944605,0.14312300165324918,0.9898101748629654,True,,,,,
ZTF20acmbfva,51.5188525,-5.85729435,61273.48140050005,10,5,-0.2164643494165639,True,True,-0.05494502662715206,False,1.129202771254946,1.4010113555316406,0.4786023498335982,0.8917850911510219,True,,,,,
ZTF23abeofwf,51.5751657,-10.2256746,61273.48093750002,13,7,-0.11712671017270995,True,True,-0.16254000785835387,False,,,0.7373584904598806,0.7619694837065356,True,,,,,
ZTF26absnuea,40.799856649999995,-12.5456313,61273.47886569984,4,4,-0.06824176602840265,True,True,-0.24717483009627728,False,,,0.2755069283669372,0.962759119690668,True,,,,,
ZTF26abpyiya,37.20488465,-10.24684895,61273.47886569984,14,7,-0.1751567038895083,True,True,-0.06916972718565262,False,0.9548469277630652,0.8973263093337626,0.5508526961077621,0.8592293927234138,True,,,,,
ZTF26abtkjiq,48.2988267,-11.4851884,61273.477928199805,7,3,-0.22615662016470253,True,False,0.1412643904407993,False,1.5888979729561776,0.5385422736721966,0.40575036273238074,0.9209802579301443,True,,,,,
ZTF24abjovel,56.71866265,-11.5869249,61273.473865699954,20,10,-0.26027584911387647,True,True,-0.055172578958700313,False,,,0.7704385088662155,0.7432017416990516,True,,,,,
ZTF23abqrseh,51.6063486,1.2425039,61273.472916699946,7,10,-0.17234125694553618,True,True,-0.05560207550458429,False,2.6515747444003117,0.7343815901407024,0.5441168786623576,0.8624038721888075,True,,,,,
ZTF24aabqybn,57.8336282,4.2330192,61273.472442099825,11,4,-0.08537345827049757,True,False,0.0030192491742582206,False,0.42842352701742453,0.6630164151456024,0.8455180816032628,0.6994573819647754,True,,,,,
ZTF23aasrghq,12.590423,-10.0125023,61273.442314799875,9,7,-0.0761917274301488,True,True,-0.17311256123143082,False,1.1371239991471176,0.7467748210020589,0.739696561900179,0.7606549033402935,True,,,,,
ZTF26abwhomh,49.1335117,24.0921194,61273.390520799905,13,11,-0.1344001881602318,True,True,-0.09614478446518504,False,,,0.5692960940059215,0.850399515807209,True,,,,,
ZTF23abdosdh,359.56318685,-27.92606695,61273.376377299894,6,8,-0.09941140201459908,True,False,0.0377489863969771,False,0.2574125704341079,0.1777922512408577,0.20001512399270083,0.9801957082956207,True,,,,,
ZTF26abunokn,323.5808883,-5.9929099,61273.335185199976,7,3,-0.06464664523386685,True,False,0.041813813379270925,False,0.9114786402869159,0.21283783203356904,0.9061249024242553,0.6632978330382207,True,,,,,
ZTF23abcteey,350.6621366,-22.6327737,61271.41843750002,7,3,-0.22939434931039399,True,False,0.15485418398573714,False,0.8192804660875647,1.3740527044021504,0.5238808832479451,0.871773540627727,True,,,,,
ZTF25abrmhxk,40.116004700000005,5.7087352,61271.41589119984,10,9,-0.12140131083510075,True,True,-0.8099666980268019,False,1.5758888530577297,1.0196791652168546,0.6283926386174338,0.8208304936404676,True,,,,,
ZTF26abptlbr,39.9854947,18.8010651,61271.414467600174,7,11,-0.06677111424154937,True,True,-0.07347607720202376,False,0.17221626770266635,0.9240061431141156,0.38257737083557525,0.9294309867065308,True,,,,,
ZTF23abjiroj,20.1244574,19.1659035,61271.384386599995,11,12,-0.2561423063368625,True,False,0.07988508216483581,False,0.4531587902071235,0.1343850432216389,0.6956276760841238,0.7850962699287519,True,,,,,
ZTF26abudahx,338.2144851,-26.025973649999997,61271.31343750004,6,5,-0.11824353776118389,True,True,-0.02192132851362416,False,0.22639541831815585,0.7810961429307137,0.9518216469367571,0.6357294343867268,True,,,,,
ZTF24abjzsqf,48.7334782,16.2467924,61270.46832180023,9,6,-0.25483404153742356,True,True,-0.09906361961664345,False,1.5630150422500977,0.5497690952831747,0.670008911889316,0.7989507529237936,True,,,,,
ZTF23abjlctl,36.1742677,13.9590949,61270.465462999884,7,8,-0.6794639477038814,True,False,0.20024359459596042,False,0.7640503299150556,0.3181260713814228,0.5074808679058027,0.879177545736352,True,,,,,
ZTF22abghbpv,40.76845245,-3.3229547999999998,61270.46452549985,8,4,-0.43927974171169276,True,False,0.057998929081669814,False,3.194765192633064,0.9566027480306541,0.4447369166806682,0.9058373970245258,True,,,,,
ZTF26abpkvbo,352.2368622,-19.4910685,61270.44322919985,11,13,-0.4386328777464158,True,False,0.1340744357828072,False,1.1050560313961195,1.471362802383715,0.25654657357765365,0.9676275073615708,True,,,,,
ZTF25acjueei,34.1993687,-11.4034534,61270.42230319977,15,11,-0.2816419343891164,True,True,-0.12421123049288596,False,0.4513995292839167,0.8707996130036016,0.5360572029311204,0.8661660350534708,True,,,,,
ZTF26abubksb,325.9441006,-2.1505006499999997,61270.2736343001,4,7,-0.05972091269504038,True,False,0.06450991723469812,False,,,0.5253299917163953,0.8711110613493511,True,,,,,
ZTF26abubcwc,322.932493,-21.73048545,61270.27174769994,6,4,-0.21925613946796663,True,True,-0.05922324375172039,False,0.9408932363188328,0.9032430231462979,0.8059426464667475,0.7226922714848427,True,,,,,
ZTF26abutkce,29.61418635,-0.50081595,61269.484224500135,20,10,-0.20984836034949964,True,True,-0.041241168899475156,False,,,0.15382379270340643,0.9882388300754846,True,,,,,
ZTF24aadswjt,47.872065199999994,0.94408595,61269.47563660005,14,7,-0.16754131033631625,True,True,-0.068286442495463,False,1.791460999838693,0.836771828559612,0.40463221071129174,0.9213976168091385,True,,,,,
